classic	10691.61865859651
great	7424.946630558813
timeless	6547.794222687371
interesting	1840.4721063567342
easy	1077.4447133286656
awesome	900.5041180594587
nice	646.413319074943
original	529.2007357270516
excellent	524.5037732947789
amazing	446.9704119047431
helpful	431.67882078785783
wonderful	414.20774494074044
short	393.6848529185842
best	346.80033809197295
thin	305.4041770571135
concise	279.1139193639853
ok	260.50721694212274
fantastic	251.4681929386332
quick	227.9487623759913
fascinating	222.40648806348608
good	216.7500578594822
entertaining	214.02481467178174
useful	213.24455184656517
epic	184.98425617217853
english	178.4638849690347
handy	177.16837509921126
favorite	172.75492927064744
modern	168.75203971352371
smooth	167.84885556515988
enjoyable	152.27078344898982
informative	149.16153796189155
brilliant	142.72372322982275
grammatical	132.55485965672256
beautiful	121.67528598030941
simple	118.3377038646704
readable	111.05288388244682
glad	107.66094399999677
relevant	97.82595923646137
ancient	93.74198504703351
fast	92.30277447995928
insightful	81.41520475109174
awsome	74.58053573020942
elegant	70.90486398078039
perfect	69.93436640222222
pleased	65.07130547191133
long	62.58417920638866
superb	59.23961300510515
exciting	58.64504160800706
worth	57.14444783715043
cool	55.146119442267775
splendid	53.61412964309121
overall	53.118372721566786
timely	47.26959959324592
real	46.46875217904599
crisp	46.132868298474165
neat	46.13005209030581
greatest	45.473100317417725
thick	41.939300679838475
explanatory	38.33838391086489
fine	38.15265304924824
surprisingly	38.130343007154686
scholarly	37.84829733582871
enlightening	36.93399213661469
satisfied	35.88278022993472
free	35.81026833532276
incredible	35.36109569457526
important	35.26327147742866
witty	34.99719051071016
wow	34.830069328777775
literary	33.64022761974723
solid	33.12649388763484
interested	31.366106312978214
nicely	31.288574005348767
classical	30.896459781471325
fabulous	30.51125368343155
complete	30.48922212696379
true	30.40202731576304
fun	29.83745089302065
clear	28.67233285450821
okay	28.487818219024273
basic	28.268210553255155
poetic	27.86473180989786
delicately	27.66406781132021
strategical	26.193608818174862
immaculate	25.102580051012783
super	24.936174986093874
hooked	24.653718460273954
practical	24.291548789740887
promptly	23.22619760964644
thx	22.008585019286944
definitely	21.75138288870498
cheaply	20.707532527235568
magnificent	20.317297014146032
captivating	20.139936799786817
essential	19.47061754662883
sure	19.299489552420617
strategic	18.603547982686774
favourite	18.19618470115843
main	17.837405660661666
accurate	17.448265213351124
contemporary	17.230376444448883
new	17.077578311677716
legendary	16.693726485842912
smoothest	16.455919352385052
famous	16.31125237799128
detailed	15.884603192648703
pristine	15.040043161235321
suggestive	14.819947207646074
lol	14.720236370437071
comic	14.4828261391509
popular	14.453407980504888
flawless	14.329148357279436
easily	13.486255663828043
informational	13.41361488057892
pretty	13.152744821557663
alright	12.931818000590363
decent	12.920405821024614
compatible	11.878679919132239
fictive	11.563713069820906
valuable	11.534686645101276
slim	11.458425034791512
available	11.124998728072136
worthy	10.74943387396231
happy	10.72445181063033
smaller	10.679003639270631
extensive	10.640514097242662
excellently	10.428332332643855
:d	10.297698332017431
attractive	10.223400288192579
victorious	9.868301168547228
comprehensive	9.771021055666003
competitive	9.730113416134541
lengthy	9.62536043587705
metaphorically	9.48255088407627
hard	9.43003370673012
charming	9.130634343748198
interpersonal	9.09788372072777
delightful	9.082843232292163
outstanding	8.813430117109206
present	8.776423605932639
accessible	8.750472284358203
sweet	8.686566371076761
superior	8.406071752293895
wonderfully	8.39261567569481
glorified	8.379999999999999
yay	8.23
personal	7.857456568198449
yes	7.833278198087338
affordably	7.733529087172317
deep	7.593868734395845
martial	7.420609332527881
better	7.2151983726586
interactive	7.189528830147987
tiny	7.073580693493559
worthwhile	6.977369967432413
usable	6.8802851718057125
soft	6.832545030959768
small	6.712365403351071
influential	6.667188413363416
engrossing	6.601079714247229
friendly	6.517043608751745
inspirational	6.350676166789156
strong	6.349322280590328
truly	6.322828238316467
straightforward	6.282934900105007
single	6.148442155412411
enticing	6.042961534664154
cheaper	5.970588319687184
wide	5.685440179542893
vital	5.669065127490423
ready	5.668156926037854
abstractly	5.650782005260685
ahead	5.6455794975427604
motivational	5.418117005466424
early	5.272803589246422
right	5.228582745289042
historic	5.112739330642407
marvelous	5.021057429160575
absolutely	4.852333889601359
avidly	4.835249173847319
cheapest	4.786286869668642
understandable	4.762778816942571
hilarious	4.6397958918101105
instructive	4.619633423556067
advisable	4.576396195284977
cultural	4.298496054400329
effective	4.269513354180258
effortlessly	4.265919353735702
freshly	4.234245240286158
large	4.15276761891589
fairly	4.077885180479437
satisfying	3.820957650866504
smart	3.770274783951792
invaluable	3.7265821990762893
tactfully	3.6956666535115335
skinny	3.6469501137432507
inexpensive	3.6248209152785686
priceless	3.5978159589976904
calm	3.5957988038525253
creative	3.5308091296937163
descriptive	3.526319548078426
structured	3.509809685522962
generic	3.5
ago	3.4833118387305753
sleek	3.480734650742137
strategically	3.369316221799128
tidy	3.2950049558296493
legible	3.19980090143907
halfway	3.182690529193562
loveable	3.147096302763611
easier	3.125411563003474
knowledgable	3.068983428069697
late	3.0434219200737673
unique	3.0408975435267016
proper	3.036009284241399
fair	3.029034134350332
necessary	2.886401468633442
analytical	2.867864962037433
adventurous	2.8205152329607044
beautifully	2.802384187933091
godlike	2.7984986133217604
appealing	2.7917662074849496
straight	2.787185699920508
personally	2.768344912933123
dense	2.739732145754564
young	2.733356902279736
extra	2.7296020245058803
funny	2.727861027144684
older	2.725248942943184
heavy	2.6769998535125925
inspiring	2.6588321982477554
lightweight	2.6362122622968007
spiritual	2.6233146695582596
textual	2.619666192289873
glossy	2.5595499730609355
funniest	2.546278119566348
beloved	2.543859361408153
yellow	2.5246958194441023
fourth	2.4926781677664454
normal	2.490902147306795
remarkable	2.4828160626608056
exactly	2.4718488862490826
correctly	2.464777572528399
smoothly	2.434177013213809
pure	2.427915164419867
bigger	2.3907652024658956
advantageous	2.354174240001056
phenomenal	2.3343531844980987
key	2.3155876754969595
fancier	2.260946148733006
medieval	2.246414343515953
impressed	2.2328873429954585
inquisitive	2.2046568845495136
acclaimed	2.103931857369393
economical	2.0910548254999317
abysmal	2.0507824570484456
efficient	2.0496128362010952
fainter	2.0241773072282605
oldest	2.0084040227549265
organizational	1.9553873541449565
stylized	1.9308737379013554
deservedly	1.9110707701901488
exact	1.8796160818270695
authentic	1.842732261605643
reasonable	1.8424050870628492
final	1.836365180098068
gorgeous	1.8006738301875826
sentimental	1.7893885981877267
artistic	1.7877751561505764
poignant	1.7869638942414114
proud	1.7781431757009714
lively	1.731915697239389
implementable	1.7184551996068504
thankful	1.6825467951633446
sequential	1.6689905159517213
stil	1.66490882323317
redemptive	1.6162195797930774
standard	1.6128782282878065
logical	1.6052098860560027
high	1.5788363956913438
unevenly	1.5781257220927811
unruly	1.536362195780079
eloquently	1.5122011999117735
satisfactory	1.4911013612219244
enthralling	1.4907329394351914
normally	1.488232444825691
thoughtful	1.4672524416172874
prompt	1.4613720960659768
abridgment	1.4583119373634315
subjective	1.4540245357417347
extant	1.4451417712033003
refreshing	1.4242777554831603
inaccessible	1.3967907109308082
rare	1.3629012433385814
inner	1.3595164950678884
punctual	1.3589029150033864
critical	1.3581626713992745
efficiently	1.3546448431686686
later	1.3527383486799751
careful	1.3388842326829777
technical	1.321691799288633
terrific	1.2851775082053132
actually	1.2842259547406898
optimal	1.269313773917877
complex	1.257832203555021
extraordinary	1.2538032045015322
slowly	1.244668036955311
forward	1.2396862926299574
second	1.2330633519150291
traditional	1.2294435276566849
prefatory	1.227534030870747
stellar	1.2275267396505452
unfortunately	1.2219748741502892
online	1.2031040981916834
fuller	1.1904243877742293
naughty	1.1887431735413232
corporate	1.187410192662528
confident	1.1818093896679736
colorful	1.1472971587199277
nicer	1.1385522746244776
perfectly	1.1372292596769344
dear	1.1322667047944888
someday	1.1246939393553914
iconic	1.1239090859541985
elegantly	1.110734437701029
profound	1.1016456395500216
avid	1.0599379457369031
consistent	1.044280025752413
illustrated	1.0231291834076701
huge	1.020322033552339
seminal	1.016200640092589
fantastical	1.0111561804430955
grateful	1.0071399796497789
intact	0.9854607610060193
fond	0.9851854699556082
close	0.9779478275659113
packed	0.9757581716017961
clever	0.9756413748082243
possible	0.9747335889837673
particular	0.9691340605527219
totally	0.96845886676746
greatly	0.9641778697230894
originally	0.9444370609690255
terse	0.9442806470926628
slow	0.9409760903221284
viable	0.9252916473835219
affordable	0.9233516051704685
diversionary	0.9144719690857603
teenage	0.8923869071478612
convenient	0.8793452844571288
incomplete	0.8781450801503644
meaningful	0.8775575774494776
masterful	0.8769933402916593
light	0.8661562474803216
uplifting	0.8617502329630725
valid	0.8605859265541055
peaceful	0.8601643762146232
maybe	0.8444186334648183
spirited	0.83440404480565
special	0.8217683523244379
expensive	0.8208448976862988
bland	0.8166788432197635
red	0.7989605412914224
casual	0.7988650629073332
spare	0.7890736374090868
translatable	0.7614052287299391
expressive	0.7452290663374278
comedic	0.7402862651599529
admittedly	0.7340992615440557
relatable	0.7334960767791965
bureaucratic	0.7298672026088485
manly	0.7264341502573771
keen	0.7127957875254168
rationally	0.7036207461514543
reminiscent	0.7013226048889011
importantly	0.6940172266267074
fancy	0.6670924735812739
quiet	0.6636571992009767
mature	0.6582006035846591
thankfully	0.656550811132608
current	0.6518077616656136
thrilling	0.6488001595165596
enchanting	0.6438230860560669
instinctual	0.6383331147666317
positive	0.6133549801679171
ultimate	0.6110049175731493
robust	0.6092759254232276
lucid	0.5882420681726924
probably	0.5878850025602095
hey	0.5855625546587998
manual	0.5795663578965915
vivid	0.5788475863869943
accurately	0.5757664634769041
crucial	0.5725725842076329
subtle	0.5632590387474491
flat	0.5517695194116709
delighted	0.548540787233185
closer	0.5480409155671025
adequate	0.5467756670137207
average	0.5398801073869472
renowned	0.5330644022244537
riveting	0.5311974046854067
quintessential	0.5289307745664382
tall	0.5212125314421642
intelligently	0.5212010590455631
successful	0.5074986192091919
memorable	0.5009315121737739
proudly	0.4978329708457822
ideal	0.4953383774326007
whatsoever	0.4838660684331069
hugely	0.47490173082635945
bye	0.4726041477295011
biggest	0.46255254044313143
specially	0.4608264083508238
charismatic	0.46025110323419444
speedy	0.4582083072168717
bent	0.4541000587303729
tremendous	0.45160427542981985
alive	0.4457327514659915
sixth	0.44483876571889475
fresh	0.44448028678707463
typical	0.4396474064807404
extended	0.4304543697916669
safe	0.4266034012382188
differently	0.4190458170694307
forth	0.41523039756391356
round	0.40547308275743105
generally	0.4017651722869223
surely	0.3952364737086727
orderly	0.3942737241411381
untouched	0.38812279933337646
precise	0.376653201441141
youthful	0.3683987945167762
regularly	0.36331509231946907
pragmatic	0.35665842912289003
earlier	0.35588362785899363
faraway	0.3540998323287262
japanese	0.34550776899519825
luckily	0.34528866296200056
forever	0.3392519007744221
authoritative	0.3289567531758365
compact	0.32742142436536575
vast	0.3244622109934129
native	0.3227692796622858
intelligent	0.32154116440933556
aloud	0.31904260521171685
hardest	0.31435480181772024
genuine	0.314282741348879
open	0.30781158238927353
newly	0.3059640241903829
trustworthy	0.30584655182938475
noble	0.3048537594450782
fortunately	0.3001345284893169
farther	0.2983438015390982
knowledgeable	0.29141201072490264
coherent	0.2852700047677114
bold	0.2828657301889674
acceptable	0.2803849423629408
stiffer	0.27901694028300666
sharp	0.27510597841334306
british	0.26970146198923733
academic	0.2668081291372757
mighty	0.26522401565736237
appropriate	0.26377207160401456
entire	0.2538186195497288
alternative	0.25117663545745444
black	0.25105250611799657
away	0.24852126275254213
secondly	0.24644208485662258
hopefully	0.2392573916365302
welcomed	0.23863868503272528
relatively	0.23802271897339733
loose	0.23596617797370292
factual	0.23431044112217025
comfortable	0.23420553224433321
touching	0.23237387931494882
greater	0.2321696029083987
noticeable	0.22900569893203426
honest	0.22698162426534713
engaging	0.22448723054587902
implicitly	0.22267872280813755
o	0.2194515613175938
buddhist	0.21926427181616612
shortly	0.2158017244146883
larger	0.21511722243850126
significant	0.21353065459843357
willing	0.21273659090021782
thrilled	0.20890569961961625
unorthodox	0.20864433283470143
lovely	0.2064132384607553
equally	0.20467814870917928
rightfully	0.20163064154014618
recognizable	0.19728977929362748
primary	0.19363786193608132
upper	0.19226725008170678
usual	0.19096704076696813
voluntarily	0.1900621576250685
white	0.18631260565451813
likeable	0.18593430710214548
succinct	0.1849382928988447
likely	0.18381240485042963
specifically	0.17470403343202248
pertinent	0.17395677926006167
stable	0.17283796037224028
cute	0.17223614889382938
lesser	0.16788544926549723
amusing	0.1676344043096201
instrumental	0.16576989476211026
utmost	0.16519419470937063
closest	0.1618689433785854
substantially	0.15807547560313234
previous	0.1563052289914252
regardless	0.15589107275341343
eventually	0.15136718469397267
suitable	0.15097412726253834
consistently	0.1487159666153084
gold	0.14857611682791075
veteran	0.1485562471531181
big	0.1472842138943017
uncommonly	0.14598050085120237
minimum	0.14511429441663037
religious	0.13886014003708763
alongside	0.13752893845243236
incisive	0.13391611661263575
evolutionary	0.13343094516476753
honorable	0.13215169755635287
extraordinarily	0.1290042820572555
sample	0.1276190437658375
educational	0.12545429184906237
prestigious	0.12454693868442823
supreme	0.1241056663057589
dramatically	0.1216450459880504
yeah	0.12073098097301578
faster	0.11744219892197928
dedicated	0.11345931705707574
seriously	0.11144456442677224
lofty	0.11129525181136887
lucky	0.11111859447147489
honestly	0.11061102089811953
natural	0.11041079685256923
senior	0.10693993021731679
comfortably	0.1052226569339592
revolutionary	0.10450529331166264
heartfelt	0.10317389353491152
hyperbolic	0.10266238424459773
course	0.10153031799781699
infant	0.1010159706827558
visionary	0.10003589462917878
definite	0.09872709721647471
fit	0.09811397193758867
pro	0.0977826494933351
higher	0.09713229222309096
recent	0.0959912012713099
sensible	0.09265878806554774
happier	0.09176553651009964
comical	0.09004751228313174
individual	0.08700476612215953
reasonably	0.08632150658795697
musical	0.08517175059701607
occasionally	0.08498512259609417
loyal	0.08470011429682216
legit	0.084213688313862
thanks	0.08403644110279852
nearly	0.08372911506459757
sheer	0.08352104007738159
carefully	0.08330146519891847
half	0.08270950864717183
stronger	0.08223903862389863
wiser	0.08141005699608299
social	0.07878919826157164
romantic	0.07772846142052935
manageable	0.07488291945173255
gilt	0.07411304507584221
stunning	0.07340955933252823
sorry	0.07334628821675089
rambling	0.07259798890636354
monetary	0.07070654069508131
thorough	0.07061918760863628
inevitably	0.07007590293262847
entirely	0.06959340131768872
handsome	0.06694548635141882
bright	0.06669479327019234
godly	0.06551000527353466
home	0.0649831686508118
soon	0.0646497650075865
monumental	0.0644181510655002
prime	0.06266541241129042
viewable	0.06262477109122652
reliable	0.06262023280670277
equal	0.062615499500169
steady	0.06081409470389056
defiantly	0.060195423090754784
immensely	0.0600788601882162
mobile	0.05845218589456435
upwards	0.058118564194547424
distinguished	0.05703426656873285
lovable	0.055664443342134655
vertical	0.055580737167198
princely	0.05528951611913092
definitive	0.05486809141788076
professional	0.054086215555662266
smallest	0.053373182042204384
surprising	0.052975048444409874
enlightened	0.05219436282189341
objective	0.05177851837145202
safely	0.05084910865635916
neatly	0.050419633508891025
blessed	0.04995701456323954
cognizant	0.04961062499524817
anymore	0.04941303306881672
prepared	0.04826297574961003
introspective	0.047864286642625035
excusable	0.047745670394787776
meditative	0.04700652688470242
unlikely	0.04674200467806057
sensational	0.04672848555945431
de	0.04555313390423604
numeric	0.043782398744083975
exceptionally	0.043296931923741226
notably	0.043289349563446905
direct	0.04306361707333428
near	0.04243224678368402
slightly	0.04165776800330155
legitimate	0.04134750781876246
brown	0.04118978767986393
finest	0.04050517465516119
sincere	0.040198514904027975
verbose	0.03933448694151787
ritualistic	0.03908691837839814
celebrated	0.03879226229014241
precious	0.03843623363251206
closely	0.03838127015474816
younger	0.037880146821737695
overblown	0.03660399407369285
spectacular	0.0357921198200916
managerial	0.03476712422489117
smartly	0.03471497075586487
sprightly	0.03443934103810685
pale	0.03413936255234874
oddest	0.03294920198769526
net	0.032102485371044216
recently	0.03171157863252705
regular	0.031204510780723782
juvenile	0.030812247160888276
mythological	0.030568684539647433
righteous	0.029472652773945264
sassy	0.0283140315710155
richly	0.028051924947011732
striking	0.02803918229027321
lavish	0.027758201168884198
core	0.027653729398829072
weirdly	0.027429864600095305
yearly	0.02701456695938897
future	0.02681391966815812
highest	0.026732744384472037
safer	0.026291010119560178
meager	0.02569256987196597
eager	0.024982913986032803
delightfully	0.024781162658981632
fondest	0.023673000303336505
universal	0.023656723816736905
cleverly	0.02344939978333208
digital	0.02315293630731113
clearer	0.023079683419815346
french	0.021532095262426342
humorous	0.021234968183183895
greek	0.021213047224535448
accordingly	0.021104589946364154
convoluted	0.020534417552700437
double	0.020132515820543526
vigorous	0.019967829509824262
liberally	0.019904148609503212
truthfully	0.019838715023227833
exquisite	0.019537702713475276
messy	0.018869730956077687
slick	0.01883126420422354
tolerable	0.018753751155194544
intelligible	0.018683633364233326
probable	0.018435142917198
fearless	0.018302683691934184
advanced	0.017898030159115036
peacefully	0.016524295068703343
revised	0.01633850380837558
amazed	0.016248921901405415
technological	0.016056068500450743
worldwide	0.014817903073440426
local	0.014636085422497998
recommended	0.01445422802916762
introductory	0.014307207564714092
disrespectful	0.014300668360908774
pricey	0.014006485216658046
fundamental	0.013239932584704099
gentle	0.013154581210074434
sacred	0.013130596319430598
simpler	0.012666179024687209
simultaneously	0.01255314141522548
considerably	0.012286410936216114
ignorantly	0.012264227002960702
emotionally	0.01221541882351401
enthusiastic	0.012177295350499507
written	0.012106643801879504
fluent	0.012051235787192334
undoubtedly	0.011947167958676333
fiction	0.011582966435260977
national	0.011465715803152251
functional	0.01146548195527436
infinite	0.011249557226164929
square	0.010783456344738132
diverse	0.01056134172021761
quicker	0.010505953950139318
needful	0.010365035318981832
inch	0.010249467296945338
stunningly	0.010136367492617886
rest	0.009511547325706816
holy	0.009248860698061055
seventh	0.009053187303724433
downloadable	0.009034869306215344
rounded	0.008912980357745109
possibly	0.008888175506046187
unwieldy	0.008818741999584163
loved	0.008735987668132337
humbling	0.008666782538524232
amply	0.008554708081841552
fill	0.008376607054768299
omnipresent	0.007925123091508682
happily	0.007755051756973142
intricate	0.00772602518685143
classically	0.007724892573284239
illustrative	0.007712547003368103
formalistic	0.00769329822051011
treasured	0.00768132305209791
golden	0.007504531200170821
aristocratic	0.006962881414568963
holistic	0.006792719259071604
sole	0.006733121279849668
foremost	0.006668820691849327
successfully	0.006649220093717038
sublime	0.006639070245663899
victorian	0.006565993713897656
impenetrable	0.006516184052095014
oh	0.006304228851268317
dazzling	0.006294086373220981
potential	0.006261266105179452
mentally	0.006167479754330979
organized	0.00608256982501446
significantly	0.0058846955314377876
virtuous	0.005776197788996768
medium	0.00575611687143046
clean	0.005606818526433832
substantial	0.005509782750981767
notable	0.005329153639284358
broad	0.005318075655611773
editorial	0.004745678707642022
cross	0.004598234960539347
spiritually	0.004432502245469141
man	0.004374975367155159
attractively	0.004245129745734888
fortunate	0.004217859393750306
cut	0.004208557533406775
ecological	0.004192750513741176
chivalrous	0.004152154303515977
pursue	0.004148800008365552
adjoining	0.004133946833287274
impressive	0.004087372653236144
expected	0.004012204528329402
conversant	0.003912176356541027
additionally	0.0038797000613345774
quirky	0.0038174867594319567
strangely	0.0037772655686522075
astoundingly	0.0037427273211662363
universally	0.003723851705115775
individually	0.003609959399396444
unquestionably	0.003584962579623687
aged	0.003485387340657389
instructional	0.00343195429336453
rapidly	0.003291386217485045
deliberately	0.003280667513561867
costly	0.003277492081716994
thematically	0.003216393812594701
aka	0.0030794851016422704
similarly	0.0029680941439466394
exhausting	0.0028706984911895735
astonishing	0.0028353156363566468
euro	0.00266890247012111
unwavering	0.002588362327161951
independent	0.002546104093029394
wrinkled	0.002514751142466352
rested	0.0025086564944147437
brisk	0.002418539098138157
financial	0.0022596869213977635
collectively	0.002129754381460819
male	0.002100717072117679
unfamiliar	0.001997755887113528
read	0.0019773754024806915
ox	0.001953472643410488
militaristic	0.001915210754856162
pleasing	0.0018730074329803387
legal	0.001769453356360231
compelling	0.0017050942462399374
hyper	0.0016838796295308204
mammoth	0.0016362545974952707
la	0.0015718420064266176
animated	0.0015276661655405745
masterfully	0.0014823921625796857
mass	0.0014637367937482986
culturally	0.0012888347056366992
sly	0.001243521332739027
resourceful	0.0012263571257513045
plentiful	0.0012179137962093362
favorable	0.0011940412258438487
wisely	0.0011650794633393266
phonetically	0.0011618531466007335
primal	0.0011418525752110464
private	0.0011023906474464495
smarter	0.0010765047215422262
singular	0.0010048875198948811
approachable	0.0009575559877743145
identical	0.0009217940097749955
minimal	0.0008714482650732221
freely	0.0008641677051148631
decisive	0.0008602788325541684
collateral	0.0008275829100102657
favorably	0.000801034477017042
unchanged	0.0007846660687780075
plus	0.000784058905543468
content	0.0007837921704426758
automatically	0.0007685268374455555
harrowing	0.000755398618923713
christian	0.0006902106522812096
capable	0.0006015127475124137
post	0.0005608393108408433
indirect	0.000555605458530485
generous	0.0005096916965803396
archetypal	0.0004967941811252125
insurmountable	0.0004797029556140685
dispassionately	0.0004762914831850459
mesmerizing	0.00045652345238891536
prominent	0.0004546700906697334
earthy	0.0004492573635557137
fluid	0.00043278642901151853
rewarding	0.0004293171251920681
latest	0.0004080040103598797
realistic	0.00038073499478958467
heavenly	0.0003717492199607199
vibrant	0.00036854646950935796
antiquated	0.0003608894629519895
opposite	0.00033202404961990486
astounding	0.0002987530883569985
tame	0.00029614447605308983
reputable	0.00029104333245800063
tough	0.0002885993597098177
swift	0.00023557863177464786
unified	0.00021794746901283014
cleverest	0.0002132244888169135
grand	0.00020714506948853225
snug	0.00020654133372159688
endearing	0.0002053415310395886
formal	0.00020488225090977533
beneficial	0.00018238410727873858
absorbing	0.00017822687137469093
moral	0.0001733077045824134
assertive	0.00017119038758899987
sporting	0.00016007829586081035
comparable	0.00015240818300266365
copious	0.00014452927468309792
dynamic	0.00014350529614606786
archeological	0.00014155172394196506
looking	0.0001346678562509414
socially	0.00012024030107222749
elementary	0.00012008491356526648
outside	0.00011952161860083991
rational	0.00010781427827315808
cyclical	0.00010449521437027654
principle	0.0001042081161240871
provocative	0.00010274066344653187
dimensional	9.956457301281628e-05
mediocre	9.954607911672085e-05
pushy	9.901038155556209e-05
purely	9.675928207282053e-05
otherworldly	9.501022375760847e-05
earliest	8.653311046009554e-05
broadly	8.522786211767467e-05
respectable	8.039051971663414e-05
humid	7.702116539651614e-05
abstruse	6.729471383891528e-05
ethical	6.535936854057136e-05
venerable	6.520877454569515e-05
silver	6.465005485983895e-05
page	6.297070114429653e-05
imaginative	6.253514992964724e-05
immense	6.132735883952262e-05
myriad	5.9465874335016044e-05
innovative	5.513082948962755e-05
indecisive	5.219464992752897e-05
intellectual	4.6390315179766835e-05
updated	4.139883272463355e-05
curiously	3.792825441592901e-05
furiously	3.6317654586968456e-05
overwhelmingly	3.494668417887325e-05
tricky	3.382773206751022e-05
methodical	3.2650648113850966e-05
nominal	3.1704280131412086e-05
warm	3.0769529182118504e-05
admirable	3.064385414917679e-05
deepest	2.98241611401391e-05
conveniently	2.861584410257042e-05
believable	2.653914461250274e-05
hierarchical	2.5160438940081567e-05
mini	2.3047259219699482e-05
gladly	2.3007180801884012e-05
startling	2.225647920632523e-05
dumbfounded	2.1015558055473476e-05
finicky	1.8752295253028538e-05
pleasant	1.824398246843602e-05
primarily	1.8060808410253252e-05
thoughtfully	1.6259322975889385e-05
militarily	1.3631828789098766e-05
afterward	1.3629690867291828e-05
secret	1.2462377985110742e-05
elevated	1.212422028080459e-05
merciful	1.186353406642867e-05
imaginable	1.0661224440845675e-05
stylistic	1.0494706666985064e-05
masterwork	1.0283659270491253e-05
naturally	1.0149983103863781e-05
virtuously	9.971182836575547e-06
established	9.300196148615622e-06
reverent	8.410491301730848e-06
interwoven	8.0256847487823e-06
wet	7.130967191050852e-06
green	6.959380256151846e-06
lustful	6.6007845025052165e-06
parallel	5.3309785496545924e-06
hot	5.311459587733774e-06
distinctive	5.229239272893819e-06
nastier	4.787285358458864e-06
tempting	4.5235642795915135e-06
soluble	4.3906396434437714e-06
chief	4.320706719782752e-06
novel	4.165270314379112e-06
constructive	4.128973010506445e-06
oral	4.119081754417089e-06
patient	3.8689924896280824e-06
strict	3.850596009953936e-06
steadfast	3.7770431806115116e-06
intricately	3.4751743457118298e-06
comparative	3.361874598800283e-06
disciplined	2.2789535031392244e-06
mean	2.251683539346632e-06
multi	2.222488585048427e-06
blue	2.1510700176267028e-06
middle	2.138405882585589e-06
widespread	1.9330387226641272e-06
progressive	1.8299593638777986e-06
cordial	1.708085733469495e-06
playfully	1.4329542262715167e-06
elaborate	1.2048215946346404e-06
determined	9.797794943061495e-07
fifth	9.450695741197286e-07
embroidered	7.89436784830527e-07
orange	6.283194475182498e-07
conscientious	6.276368508875923e-07
contextually	6.012531193034777e-07
rear	5.773330536696188e-07
unexpected	5.575932272868241e-07
strikingly	5.027854732287183e-07
supple	4.953277743833263e-07
cosmic	4.909511711143928e-07
lighthearted	4.695100452384352e-07
adjacent	4.3978492323492623e-07
cogent	4.347728450368478e-07
expert	4.2588981425100315e-07
benevolent	3.938444673257876e-07
wooden	3.735619738233983e-07
respectful	3.7102115947003205e-07
uniform	2.5220982523026247e-07
outer	2.4476278474153623e-07
breezy	2.3701675799103652e-07
recyclable	2.2939601062924615e-07
immersive	2.1151668197644657e-07
uppermost	1.9498660903485925e-07
wacky	1.8836689486262097e-07
veritable	1.8722737388934178e-07
eminently	1.7032653789221527e-07
accessable	1.4537435731152483e-07
alternate	1.286376582018308e-07
welcome	1.0264760143757653e-07
positively	7.638791116324705e-08
ridiculously	7.510424555623388e-08
skillfully	7.298788883415518e-08
scottish	6.971441874902274e-08
delicate	5.618683805907455e-08
compassionate	5.321197697586141e-08
skillful	5.263811582666758e-08
aforesaid	4.986532897431202e-08
visual	4.927064911617723e-08
lightly	4.8183653682128406e-08
brave	4.305397525777025e-08
urgently	4.154616636951903e-08
deliberate	4.1458028062054595e-08
quaint	4.0451033694057e-08
inviting	3.950279299850609e-08
unheard	3.8505069631844854e-08
ambitious	3.6400398135438215e-08
tale	3.540620705792027e-08
glorious	2.7979608654057617e-08
prosperous	2.7088292418894143e-08
gullible	2.604975493110712e-08
involuntarily	2.6001292171360945e-08
potent	2.581108388506454e-08
ingenious	2.5632321742431797e-08
amateur	2.521106877818462e-08
promising	2.2057049022837037e-08
rugged	2.026927993705734e-08
distinct	1.7699693697433973e-08
slight	1.6889229142586307e-08
left	1.4531257796491329e-08
intimately	1.2731448785489772e-08
eventual	1.0909891633288345e-08
following	1.0256781172182586e-08
brilliantly	8.637698650304282e-09
ample	7.569542270303861e-09
sympathetic	6.967638613118332e-09
female	5.7374976165218675e-09
dark	3.661908970147055e-09
conniving	3.632628807595949e-09
satirical	3.0697606984588196e-09
richer	2.987562194273304e-09
willy	2.5684755611417234e-09
intimate	2.5559720511930096e-09
honorific	2.3524784821589645e-09
puritanical	2.2136564722553966e-09
useable	2.1422929851840795e-09
proto	2.0403777822153878e-09
analytic	1.7250672463684733e-09
shimmering	1.6697620877209272e-09
integral	1.5584602598040268e-09
heated	1.365248074479564e-09
uproariously	1.3501249310188954e-09
ah	1.2302277804533955e-09
sensitive	1.2145461764325851e-09
nuanced	9.931573886182354e-10
admirably	7.971891508651455e-10
passive	6.657157675434199e-10
highbrow	6.15801574335078e-10
forthcoming	5.908916206294253e-10
sprawling	5.000925936802421e-10
quotable	4.607085365153614e-10
selfsame	4.5717802327968726e-10
glib	3.2069901420944885e-10
jovial	3.0449856852480374e-10
un	2.9819462797434074e-10
replete	2.9524279452744996e-10
heartbreaking	2.842631585129797e-10
prominently	2.4493640240645067e-10
largest	2.3241682774573023e-10
kindly	2.1984939758656737e-10
elusive	1.9456239534293144e-10
wider	1.7442632735308354e-10
genuinely	1.6723425594153025e-10
limpid	1.6270602586355014e-10
flavorful	1.6142232414409576e-10
tranquil	1.316942676791729e-10
feminine	9.773409045191933e-11
transcendental	9.741982721887244e-11
verbal	9.38883514586777e-11
precocious	8.659509059280643e-11
stylish	7.681824029106934e-11
idiosyncratic	7.187694946760301e-11
developed	5.3113864620516715e-11
exceptional	5.242525988267009e-11
momentarily	5.22149503232773e-11
mutual	4.9488593343757545e-11
desperately	4.385817707970551e-11
adequately	4.306214601748823e-11
burly	4.135173689689966e-11
auspicious	3.697331769605147e-11
insufferably	3.437117256010646e-11
sophisticated	2.968328334350577e-11
fevered	2.8611753249987196e-11
brighter	2.8097731115664915e-11
alchemical	2.6635779852376066e-11
arrogantly	2.605646334046906e-11
cognitive	2.316784611238048e-11
redeeming	2.224671363113687e-11
linear	2.158404469008185e-11
unassailable	2.0072147351418542e-11
pivotal	1.7274805740898715e-11
heretofore	1.7198047095614404e-11
unambiguously	1.561719296905808e-11
opulent	1.1862803064852851e-11
educated	1.1819648724340229e-11
indestructible	1.001102113401159e-11
duly	5.41541322210172e-12
fluently	4.019062040918358e-12
deft	3.995270086425522e-12
fragile	3.81963197556239e-12
sub	3.797119020909863e-12
earnest	3.754371240968462e-12
fateful	2.7777358927863476e-12
hero	2.772426421029532e-12
defensive	2.338331910428028e-12
profligate	2.1464322807894507e-12
exotic	2.1254602481556965e-12
italian	2.0797661490125292e-12
detestable	1.0678422542945696e-12
grownup	1.0657414226080989e-12
cohesive	9.767468297527272e-13
malevolent	9.256036013323806e-13
superlative	7.116429731550857e-13
willingly	7.071285345166409e-13
honorably	6.526052077090284e-13
sentient	5.094315998610014e-13
truthful	4.763234028533299e-13
profoundly	3.782819790857599e-13
talented	3.601532758059306e-13
idealistic	3.050649479026057e-13
shakespearean	3.0353343796399075e-13
breathtaking	2.582058740362399e-13
joyful	2.462417718039499e-13
cumulative	2.3231740982099887e-13
especial	9.096208977603964e-14
submissive	7.173480252806625e-14
superbly	6.753886334166485e-14
tangible	6.698579441317612e-14
irascible	6.50882519335769e-14
disrespectfully	6.317059246541861e-14
series	5.754295376349236e-14
refreshingly	5.2822027949849894e-14
faithfully	5.1055568204074355e-14
secondary	4.613161740115584e-14
respectfully	4.284451735402345e-14
secular	4.098534840454977e-14
unforgettable	3.103035554642046e-14
palatable	2.6671321202787197e-14
interior	2.157756358739203e-14
impartial	1.976209260465349e-14
tirelessly	1.8567550659876075e-14
discernible	1.699571250783011e-14
official	1.3683739900568371e-14
valiant	1.3204609414404329e-14
fearsome	1.0763307775990456e-14
tremendously	9.273193141355571e-15
accomplished	4.359159633889801e-15
gifted	3.56079354995173e-15
convincing	3.3186389575869944e-15
metallic	2.797510917565353e-15
disapproving	2.3353837821291815e-15
inclined	1.252731262135488e-15
healthy	1.1092677385839146e-15
relative	9.121364981363545e-16
broader	5.263188389521582e-16
economically	3.9913823472419996e-16
intensive	3.5221487186112287e-16
chock	2.737378344104693e-16
illuminating	1.8944023718476865e-16
privileged	1.0422664095935934e-16
traditionally	8.660125128446568e-17
rightful	5.422218133567935e-17
satiric	4.335588348734142e-17
incomparable	1.8711994208107306e-17
comprehensible	1.5560719081382687e-17
geographic	1.2612252249800744e-17
versatile	5.636866933986584e-18
commendable	4.997501030451339e-18
pious	8.08097507025443e-19
primordial	2.425993363994226e-19
observable	2.0677203319777176e-19
enormous	1.0504360516041968e-20
farewell	6.2253945478899036e-21
considerable	4.944515015500462e-21
structural	2.2231681911186963e-21
egyptian	2.0387764310927818e-21
eventful	1.730129351248375e-21
frank	1.6511686587694043e-21
exploratory	1.4094486635659798e-21
relational	8.97104108054713e-22
hybrid	4.485520540273564e-22
prototypical	3.202580574436032e-22
discernable	2.427383809474743e-22
presidential	5.525204984939045e-23
circular	4.9839117114150717e-23
substantive	3.601674128397e-23
skilled	1.1879093072331159e-23
severely	3.9381802362520876e-24
plump	4.505515704096458e-25
swiftly	3.869848378244617e-25
fragrant	1.5158710469377767e-25
humanistic	9.654976916385741e-26
pleasurable	9.435326964471395e-26
spotless	8.455504548930133e-26
hierarchic	7.629272826284838e-26
tasty	7.364839151227221e-26
hi	6.5019080043633e-26
discreet	5.963610504467176e-26
minutely	5.67666112674246e-26
whimsical	3.8640260038494866e-26
luscious	3.5203707627262133e-26
luxurious	2.8225337073205025e-26
conspicuously	2.4573661127548046e-26
miraculous	2.078891909583425e-26
vividly	1.82859862324264e-26
snappy	1.8041900158971842e-26
highborn	1.6935202243923016e-26
empathetic	1.0783329640348896e-26
gently	1.0221092028752133e-26
hyperactive	9.597201246003605e-27
ripe	7.264257129435043e-27
destined	5.729955646440117e-27
culinary	5.4227012155886676e-27
sovereign	5.2353397259424955e-27
apt	4.754153117549815e-27
infinitely	4.100457063886716e-27
adorable	3.68064328592752e-27
unshakable	3.307807303766987e-27
portrait	3.196951444005875e-27
formidable	2.4309431170106073e-27
competent	1.3419350601708666e-27
elite	1.2404892507970224e-27
elitist	1.213657740895075e-27
sane	1.1929017073635115e-27
beneath	7.257943818824147e-28
ironic	6.37017983582536e-28
formally	5.459095183478524e-28
caring	3.700125734426219e-28
solar	2.4652456321612134e-28
deceased	2.2746229931160515e-28
family	1.8192957252950525e-28
catholic	4.9158415057495696e-32
psychologically	6.0440965673226015e-33
revealing	1.805451640055005e-33
chinese	-1540.5440524631426
applicable	-318.55931173172075
cheap	-258.16207201457485
abridged	-257.77210628424325
boring	-236.45879414478506
disappointed	-193.66755764270962
everyday	-166.50698115929163
thicker	-109.69736574500217
confusing	-94.17837016472365
difficult	-90.55593215772723
different	-89.72332737419524
unreadable	-81.4803739609651
highly	-75.81732117966433
mythic	-74.10931587926056
repetitive	-59.92352309431449
historical	-46.88484804791987
actual	-43.95266520311213
clumsy	-35.32880897814463
oriental	-33.14677544114624
little	-33.045386939170434
misleading	-31.954886222191732
disappointing	-31.078266110728844
quickly	-30.430632544759888
asian	-29.327597329165187
stale	-28.769141001280545
old	-26.953738146401715
naff	-26.217580605499542
military	-25.471387866548007
tactical	-25.418516808735948
philosophical	-21.083744736937884
awful	-20.859305712836303
wise	-20.094853808154355
tedious	-19.754711822681575
annoying	-18.349714132948325
instantly	-17.844910139384133
terrible	-17.83712973106623
familiar	-17.561871119070208
minor	-16.79209613592291
intriguing	-16.14818419925959
useless	-16.142130463892055
cryptic	-15.420933986407697
unintelligible	-14.93902101241204
general	-14.885654558761997
practically	-14.447738372638744
brief	-13.616665092229788
sloppy	-13.255780760606628
episodic	-13.135547971778882
random	-12.773173038723739
phonetic	-12.077185034349247
abruptly	-12.0332558974153
weird	-12.010857446669558
dry	-11.913179106363156
unbelievable	-11.34
absolute	-10.945639107204242
bad	-10.550796667804445
irrepressible	-10.515393312690449
wrong	-10.44170782784453
bah	-9.7
prevailing	-9.6
flimsy	-9.154924258309808
childish	-9.125500538535206
esoteric	-9.006799228264505
damn	-8.754111318135019
mortal	-8.31946114386325
awkward	-7.946096618927127
numerous	-7.79506545181043
provoking	-7.536643390849725
western	-7.417264069520901
dull	-6.793430798335435
extremely	-6.703521294320352
daily	-6.609270170146885
stilted	-6.506366918572778
thinner	-6.455007058144467
laughable	-6.4
excited	-6.236136284392603
bit	-5.888164234892317
unusual	-5.751152706297606
transcendent	-5.246574616408246
arduous	-5.145654704607901
worst	-5.1306062180952425
human	-5.03169744900293
thoroughly	-4.9209147308660235
eastern	-4.721804665904297
shorter	-4.712396001289882
literally	-4.479132875435702
flowery	-4.443084203387282
odd	-4.376405661123107
bored	-4.321584976729598
deceptive	-4.263234641078595
heavier	-4.2351551605581905
occasional	-4.230278471966404
alike	-4.169792032334407
weak	-4.113939250015193
faithful	-4.036852996475527
basically	-3.9984505559442147
constantly	-3.9559975551801587
heavily	-3.8535764483802453
behavioural	-3.850846850960523
multiple	-3.8083500517515656
plain	-3.677218911182345
graphic	-3.644221050619472
iffy	-3.620819652291967
yup	-3.5999999999999996
poor	-3.583885534190894
vegan	-3.455148906970614
choppy	-3.3783387238759897
aware	-3.3388767519232716
exasperating	-3.319982211864742
strange	-3.268231231256482
overrated	-3.2449403464210675
stupid	-3.2442699058827063
pleasantly	-3.1303602041827627
somewhat	-3.0739737317033713
silly	-3.0540656524050886
repetitious	-3.025056349358836
irrelevant	-2.9669701475281895
worse	-2.889265260634155
crappy	-2.853900272529336
redundant	-2.8406700732965433
finally	-2.832958150327127
collectivist	-2.807819179794508
forgettable	-2.7821442936582668
poorly	-2.7691598636034267
manually	-2.739320285057344
bizarre	-2.7061527045964175
crap	-2.696973621851654
ugly	-2.609617911833561
challenging	-2.545384618555232
powerful	-2.472108699281251
irreverent	-2.405488058130862
jumbled	-2.2906012129612976
decently	-2.2759047949367694
total	-2.248195064633843
bilingual	-2.2409238690079594
mythical	-2.1852177111707087
confused	-2.0982465724789097
unable	-2.05794061429653
incomprehensible	-2.026404039728456
stupidly	-1.9225975736595429
frustrating	-1.9097726614559196
audio	-1.90592075934416
american	-1.8476726831575927
dumb	-1.8464931485750475
korean	-1.8112470057648786
worthless	-1.6869475584965141
strongly	-1.6839633854442377
bare	-1.6689747627649303
onerous	-1.6468060798952642
sticky	-1.633468571073271
blank	-1.6292507485081473
indispensable	-1.6273017830466918
tired	-1.6167084592800507
frequently	-1.6135049307932747
curious	-1.6066629585502854
sparse	-1.5656753814923763
eery	-1.5589722501616403
undecided	-1.5394945889132456
rough	-1.4498688136903235
easiest	-1.4312397473710046
brutal	-1.400696425848803
ashamed	-1.3306354801703997
fuzzy	-1.2253287379004008
adversarial	-1.2214843956607007
repeatedly	-1.215373898201607
outdated	-1.198668919956931
complicated	-1.1895477306439237
mere	-1.188171221505137
needless	-1.1861627342025955
feudal	-1.139204475317418
mainly	-1.1124564765708411
far	-1.1031480736981691
certain	-1.0966270781232716
upset	-1.0891863266680668
ruthless	-1.067556127151536
impractical	-1.0614729431255507
cunning	-1.0564204713396819
awhile	-1.0561503934596947
disorganized	-1.0559310721244846
nope	-1.0398624781167438
visible	-1.0298556947529627
necessarily	-1.0218249296066235
ridiculous	-1.0208370576548713
unknown	-1.0202773951105268
randomly	-1.0195525419652003
monotonous	-1.0002904407009408
nervous	-0.9918414574797252
fictional	-0.9763579399579351
instead	-0.9752035378573831
amateurish	-0.9740575242799172
bloodiest	-0.9271446823367548
badly	-0.8986619238933902
longest	-0.8892717171914375
similar	-0.8822155870208904
obvious	-0.8793180401650894
remote	-0.8774091414974459
correct	-0.8558761783010578
disruptive	-0.8550770831264445
adaptable	-0.8531021530243191
archaic	-0.8489417324355814
omg	-0.8449049315554188
multidimensional	-0.8447445801981934
wth	-0.837001130118187
particularly	-0.8294744640189873
abrupt	-0.8076529763438376
contradictory	-0.8068989177461063
political	-0.7961015994868483
fully	-0.7908261935792257
orthodox	-0.7688011232793851
initially	-0.7416665855229495
turbulent	-0.7406573074679328
dire	-0.7354080469170635
blah	-0.7266658197808292
properly	-0.7251137295945707
drab	-0.6913355778031245
linguistic	-0.6636195356918224
surprised	-0.6445354058810133
covert	-0.6433990384554417
philosophically	-0.6313462718518952
painfully	-0.6254173539277015
sincerely	-0.6208485591970863
stiff	-0.6198942318426893
sadly	-0.6188199317776534
especially	-0.6122357295219031
mixed	-0.6073720242961009
understandably	-0.6073090362165716
civilian	-0.6072982104632626
central	-0.5911779933855124
currently	-0.5805035342538076
obscure	-0.5801652754601869
audible	-0.5789173490619612
widely	-0.5637114501185418
fake	-0.5605774382647161
needy	-0.5568349440112543
dissatisfied	-0.5554895946963576
addictive	-0.5552130797456181
jarring	-0.5546204488959889
approximately	-0.5402719143679154
rich	-0.5384158758845639
supernatural	-0.5302429979090768
essentially	-0.518008021671218
historically	-0.511476926296063
psychological	-0.5074503451544103
astute	-0.5074493746962903
stray	-0.5034896385977732
obtuse	-0.4974627059531889
mandatory	-0.4960364209523006
mystical	-0.496021203234354
clearly	-0.4847558442520752
greedy	-0.47481772437673214
magisterial	-0.4716161900490592
traumatic	-0.4710878106454208
crazy	-0.4674932752230547
countless	-0.4647952665148902
frequent	-0.464630635112102
readily	-0.4644955662642489
warlike	-0.4543307929501824
primitive	-0.44988202679792183
obviously	-0.4458924337593775
meek	-0.4454268210922123
lazy	-0.4424416071433185
assorted	-0.43381055579862093
rife	-0.4290069116996324
biblical	-0.4273266985502521
altogether	-0.41831629333653114
transferable	-0.4175492199061891
simply	-0.4119181713300262
nonetheless	-0.40933094337566683
magic	-0.40911359066720787
duped	-0.4018020016168513
lousy	-0.3967794765966406
transferrable	-0.3953299837372849
fearful	-0.3936656720653487
sound	-0.3903352691101974
unseen	-0.3847738892300807
unremarkable	-0.3818726394782743
incorrect	-0.37420237594255507
compressed	-0.36620889415813573
completely	-0.3608986562347522
immediately	-0.3476204855330447
limited	-0.3445412406612672
restless	-0.34364990496947156
falsely	-0.33896730886167964
major	-0.3387167280978335
terribly	-0.3297020768751209
unsure	-0.3270184927877315
funky	-0.3200724273040907
voracious	-0.3179735638464279
horrible	-0.31679833493917586
unrelated	-0.3069207480750606
unhappy	-0.30643595591964756
metaphorical	-0.3038420902084797
evil	-0.2971318792327799
simplistic	-0.29689407675026697
sad	-0.2958225327326374
literal	-0.28052150367222933
aside	-0.2803436026393966
inconsistent	-0.27604021666831174
angry	-0.27262643351084775
acute	-0.27123649120891974
common	-0.2684245138745108
equivalent	-0.2674798180954367
able	-0.2593975347044319
shoddily	-0.2564387832256704
filmy	-0.25396596604135424
fraudulently	-0.2487573726481069
twice	-0.24783956633490847
outrageous	-0.2476372798857401
specific	-0.24693881769041154
fragmentary	-0.24557739040624227
coming	-0.24473693016627854
northeastern	-0.242009795757872
apart	-0.24053261651556954
heroic	-0.23953630453510347
newer	-0.2363722172028728
certainly	-0.2355048713235692
faint	-0.2269649964277939
infamous	-0.21905586548293815
underlying	-0.2179746699664135
endless	-0.21159897189754906
abstract	-0.20768410680467214
rushed	-0.20440600018578606
low	-0.19978819383924315
extreme	-0.19825588889127105
accidental	-0.1957630597697704
duplicitous	-0.18802204479813694
alien	-0.18796151684141024
sort	-0.18765853288424258
multinational	-0.18566324602461415
dead	-0.18559278584499428
variant	-0.18044443191767248
mildly	-0.17968170917445678
arcane	-0.17882005570362117
impossible	-0.17727214010382233
pointless	-0.17609126479048742
precisely	-0.17505733174257654
prior	-0.17474065615458478
predictable	-0.17164525785803986
ordinary	-0.16982582105957367
irritating	-0.1680174527541103
electronic	-0.16520990243017908
magical	-0.1651607201965882
rightly	-0.16156631122630313
puzzling	-0.15598366991232498
mental	-0.15562579891543515
merely	-0.15556109460270406
tight	-0.14913796613455452
arguably	-0.13886060426912458
pissed	-0.1387817924060861
wildest	-0.1322668725494893
longer	-0.13128253102456666
faulty	-0.13038841455282885
deceitful	-0.12989215646908697
dumbest	-0.1292366884524336
throat	-0.1288141458496888
appalling	-0.1279715913498007
unsuccessfully	-0.1264290514503852
despicable	-0.12416797966631862
questionable	-0.11732233987626992
disturbing	-0.11553034421569223
mad	-0.11242648105891266
uncontrolled	-0.10907162713024851
evident	-0.10652156680739955
akin	-0.1043773705579589
principal	-0.10407231331609175
atrocious	-0.10379901940211556
apparently	-0.10145464484121232
spunky	-0.10106968171446672
deeper	-0.10044821437978793
cruel	-0.09711987180551035
critically	-0.09700399796572073
noticeably	-0.09691914856880172
distant	-0.09670577032186946
unthinkable	-0.09551218231788539
hardly	-0.09346302504179131
unnecessary	-0.09156939451813674
wary	-0.09067644811048872
barbaric	-0.08691426834826815
rigid	-0.08467361447025482
horribly	-0.08430302528570073
prevalent	-0.08132874252831185
harder	-0.073218250839165
prose	-0.0702614103821073
obsessed	-0.06802092181721658
shameful	-0.06791779624665505
awake	-0.06744274722049474
wild	-0.06702131375290724
mischievous	-0.06630287217111719
embarrassing	-0.06297462971270104
uncomfortable	-0.0626278462494994
thinnest	-0.06232058396782586
additional	-0.06213848985879839
previously	-0.06208838289344543
rhythmic	-0.06126212810806043
weakest	-0.05951382255845361
blurred	-0.05856066328116332
unclear	-0.05796200933754647
pretentious	-0.056715587418770946
seemingly	-0.05650048404282181
impatient	-0.055288430765917086
wealthy	-0.05496260397320565
unfinished	-0.0549105933923494
peculiar	-0.052496623457792116
incorrectly	-0.05223812881128228
wobbly	-0.051141833290810346
careless	-0.0510078498516499
cleaner	-0.050811399772269054
uneven	-0.05052716785734094
directly	-0.05021486154582081
awfully	-0.05017151648169662
inscrutable	-0.048683525325906266
disturbingly	-0.047862394112079196
internal	-0.04546848113491594
scary	-0.045098484839625655
allegedly	-0.04445036493000857
gradually	-0.04442237125623773
error	-0.04432510598844639
flip	-0.04376456530834324
nasty	-0.042309957448072366
apparent	-0.04169211158462022
torn	-0.041353820941802684
allegorical	-0.041334547369626363
extravagant	-0.03916224769876439
flippant	-0.03911128405928632
operational	-0.03901528955848902
massive	-0.03781784233915223
false	-0.03649591002035625
inexcusable	-0.03639841438987345
unavoidable	-0.03544617907300045
inside	-0.03539234276090796
fraught	-0.03395172945549165
woefully	-0.033881353162444554
scarce	-0.033879503438652335
matter	-0.03370859564286057
physical	-0.033616123714485635
intellectually	-0.03267589024730177
terrorist	-0.032654705268589414
smoother	-0.03227810047988531
usually	-0.03214072098617354
public	-0.03183122080502495
armed	-0.0318133805942883
afraid	-0.03175936878409364
lifelong	-0.031759182511805706
unpredictable	-0.031613201131405824
warped	-0.031458587137677636
cooperative	-0.031341269790554634
supposedly	-0.031149732583851977
global	-0.03114311858482557
effectively	-0.030508788678327025
troubling	-0.03023567354916512
conscious	-0.030056109688490897
fellow	-0.028064792596143796
subject	-0.02722897520355366
foolish	-0.026517234535862026
sexual	-0.026389637975075434
stranger	-0.02586292822734315
sketchy	-0.025546677311781795
roadside	-0.025513184990268247
unreal	-0.02541571622804075
intense	-0.025276521983445432
terrifying	-0.02513560453037459
periodically	-0.024552160163670973
loud	-0.024383854014481576
darker	-0.02420677161115318
imaginary	-0.02361809747260702
roman	-0.022432886986885864
retarded	-0.021977786448707688
dual	-0.021779839874937687
continually	-0.021716445277574638
blurry	-0.021660150591950696
horrid	-0.021525107229474174
frankly	-0.021373919368389536
nonsensical	-0.021370917410326387
tragic	-0.021334350676779877
accidentally	-0.02077485532250625
alert	-0.019601230924794398
known	-0.019490504119630613
static	-0.019232640341531045
huh	-0.018558673985390458
virtually	-0.017987915349180525
plastic	-0.017255801611949024
constant	-0.017099190200023765
deeply	-0.016464762862286427
paradoxical	-0.016459629241335323
frustrated	-0.01532216297796632
uncertain	-0.014811855773943347
stark	-0.013829686357319612
partially	-0.013280546138921134
past	-0.013152107252942474
flawed	-0.01298611999847575
twentieth	-0.012767442232225205
unbelievably	-0.012531919263604606
devoid	-0.012458698272037794
damaged	-0.012388963459559183
solely	-0.012312261775113818
criminal	-0.011811115800886939
idiomatic	-0.011337677895694573
junior	-0.011269178413167357
undesirable	-0.01102520732294668
desultory	-0.010561400492275342
inline	-0.010483318258946989
sooner	-0.010179757492782741
illiterate	-0.009860720319152428
strictly	-0.00962871570513185
dramatic	-0.009438213646611
wannabe	-0.009069730350315273
prospective	-0.009021883388474454
cold	-0.00860358144244019
baffling	-0.008268603587277773
exceedingly	-0.008172775552722344
experienced	-0.006753447262879548
contrived	-0.006613678022966378
initial	-0.005958449711685473
negative	-0.005685120248846486
commonsensical	-0.005580701144124168
unconventional	-0.005423815332907073
immediate	-0.005378453194013895
hefty	-0.005267288102188994
speculative	-0.005104767372147833
barely	-0.005095904785113171
brash	-0.004938016402982166
behavioral	-0.004903404043323043
strongest	-0.004760379648414836
profitable	-0.004485792671127326
superficial	-0.004466995182689554
immortal	-0.004465658843979191
obsolete	-0.00444248540334848
meaningless	-0.004359276038980418
separate	-0.004292795125787682
conventional	-0.003974620107498171
plaintive	-0.003840800278507676
rarely	-0.0037423223686300577
sudden	-0.003592016931747442
impatiently	-0.0034657949688414254
blunt	-0.0034007353348595028
required	-0.003327654311985034
bitter	-0.0030444747236635554
die	-0.002865914791252539
roughly	-0.0027135738152187835
irritated	-0.002658183996280346
intent	-0.0026256529856731954
egocentric	-0.002563118185298708
broken	-0.0025457395294520534
indiscriminate	-0.0024949828519993996
lower	-0.002469473658245968
international	-0.0023681644317964956
hungry	-0.0023281310182031753
mundane	-0.002319092434072573
strenuous	-0.0023087622954831724
haphazard	-0.002250642074396327
idiotic	-0.0021170321454136083
economic	-0.0020652180443705924
asunder	-0.002009858924574843
boy	-0.0019944336933670087
crooked	-0.0019891409161556903
feeble	-0.0019811125702182803
horizontal	-0.001954524748863364
rebellious	-0.001817105039818117
combative	-0.0014615712962701393
tyrannous	-0.0013824057134179234
unfortunate	-0.0013412853192835317
corrupt	-0.0012432471502485092
foreign	-0.0011989812036059993
devious	-0.0011859131276629453
sexist	-0.0011581345575619772
ninth	-0.0011522762260137546
nuclear	-0.0010885917052123558
disabled	-0.0010326334705475038
instant	-0.0010208201697393946
transparent	-0.0008567429542952736
socioeconomic	-0.0007800703870364517
fewer	-0.0007763918459624134
hopelessly	-0.000775586156170707
dangerous	-0.0007682407126683459
ignorant	-0.0007589671083360033
overwhelming	-0.0007166386293578288
lasting	-0.000700145919566905
clunky	-0.0006952219810490713
exemplary	-0.0006358454667442763
voraciously	-0.0006080016845642539
blind	-0.0005880002670361893
indirectly	-0.0005800578722775289
subsequent	-0.0005772592897089905
unimaginative	-0.0005603650170313553
plenty	-0.0005341990905277864
manipulative	-0.0005154842069534216
violent	-0.0005106941836418977
mechanical	-0.0005078485270811526
missing	-0.0004757845168918619
violence	-0.0004376553106544815
stodgy	-0.00042136218178308923
preliminary	-0.0004116137718130376
arrogant	-0.00039957477780264004
abusive	-0.00036375719218357356
unsuitable	-0.0003629137317493333
supplemental	-0.0003615735744294327
continuous	-0.00035361337731189637
domestic	-0.00034044806801109695
focused	-0.00031659404823259274
unforeseen	-0.000298014546797465
prolonged	-0.00027414698592509955
garbled	-0.0002729307768157332
diffident	-0.0002706915145722903
doubt	-0.00025803364481781786
deviously	-0.0002559027950960459
external	-0.00025300094638606643
shoddy	-0.00025206626288436923
unexpectedly	-0.00023284830311903878
loathsome	-0.00021742325594043379
oblique	-0.00021294651217526592
artificially	-0.00019141786126918606
openly	-0.00018526507583411017
hebraic	-0.00018359730530157563
incessantly	-0.00017834211373341907
demanding	-0.00013976552283585333
tangential	-0.00013903880247031222
fantastically	-0.00013105553499530325
described	-0.0001261782155067223
enduring	-0.00010204445642581645
divine	-9.893128928188805e-05
disparate	-8.327233171766214e-05
related	-7.599856723663208e-05
radical	-7.26882257795421e-05
pagan	-7.114657110876134e-05
problematic	-6.825419568803643e-05
merciless	-6.702199501842411e-05
publicized	-6.504720558090153e-05
inescapable	-6.223470965996522e-05
untrue	-5.570545805795798e-05
anxious	-5.4800449546553456e-05
ironically	-5.083536363822131e-05
largely	-4.6439272840158846e-05
undergraduate	-4.109315562294594e-05
emotional	-3.6083908875251386e-05
collective	-3.48294890145799e-05
interchangeably	-3.118379462271284e-05
varied	-3.0285820122844963e-05
uninteresting	-2.9577155699865623e-05
concerted	-2.922042438204561e-05
fictitious	-2.8744507997506075e-05
absurd	-2.8715816154118482e-05
suspicious	-2.703617338170746e-05
outright	-2.6048511459329392e-05
aggressive	-2.0479446230852645e-05
unpardonable	-1.9149141433835457e-05
earthly	-1.8826341762579404e-05
pseudo	-1.8608916601072717e-05
vietnamese	-1.5731827894886922e-05
lascivious	-1.562514625677907e-05
ultimately	-1.363901349440579e-05
fictionalized	-1.3091464322520222e-05
subsequently	-1.2978829531005291e-05
fierce	-1.2881108122934328e-05
powerless	-1.1601848061468589e-05
superfluous	-1.1212710581234152e-05
sustained	-1.0657519417184544e-05
slavish	-1.0062309141077652e-05
recursive	-9.378522770543455e-06
disjointed	-8.725215045437207e-06
humane	-8.697948284182696e-06
subservient	-8.31243875000055e-06
repentant	-7.812573128389536e-06
intermittently	-7.810272251331915e-06
fatalist	-7.46549227906446e-06
colloquial	-7.298896800699097e-06
artificial	-6.629978020929606e-06
societal	-6.268085842553803e-06
desperate	-5.626320327818498e-06
squarish	-4.933814315606241e-06
humiliated	-4.586019521446485e-06
helpless	-4.031639029496476e-06
distasteful	-3.891526900758192e-06
irrational	-3.709889676644329e-06
inconsiderate	-3.6703361700679383e-06
weighty	-3.403293917692e-06
ubiquitous	-3.354441007148831e-06
gnomic	-2.9444199395892246e-06
vernacular	-2.6645587267405324e-06
jealous	-2.422292556034398e-06
awed	-2.248869014645835e-06
limitless	-2.213448878939242e-06
grainy	-2.1700177498582103e-06
closed	-1.946763663700356e-06
indolent	-1.8581076860968942e-06
treacherous	-1.7978556808622522e-06
phony	-1.712600249614905e-06
distinctly	-1.580029471631743e-06
superficially	-1.4808313777055652e-06
incessant	-1.34164804201521e-06
addicted	-1.3175421388244702e-06
aristotelian	-1.2665742984758695e-06
hurriedly	-1.260415777221947e-06
risky	-1.2484074441909092e-06
thirteenth	-1.2204062268382383e-06
farcical	-1.2002832456011904e-06
unethically	-1.1788431757543689e-06
tantalizing	-1.1327337392763274e-06
offensive	-1.1070455570319142e-06
overwrought	-1.1054659326205657e-06
unparalleled	-1.0827413238818188e-06
exclusively	-1.070526869257004e-06
acutely	-8.559159487571889e-07
north	-6.796951981721301e-07
picaresque	-6.743840814220195e-07
struggling	-4.894207598792643e-07
ferocious	-4.2498105650738015e-07
disgusted	-2.946072864345754e-07
painful	-2.640069488764933e-07
skeptical	-2.3485344777274284e-07
tenth	-2.0340103780637305e-07
froward	-1.8953868917729323e-07
scatological	-1.8459525592650628e-07
infectious	-1.7208953464836992e-07
sappy	-1.6215178552663588e-07
perilous	-1.3506852175652685e-07
suddenly	-1.2432439309661323e-07
goofy	-1.1647081623934323e-07
astray	-1.140988098763795e-07
briefly	-9.676356841017146e-08
inflexible	-8.808438485077548e-08
downright	-8.492905438284992e-08
unbidden	-7.868883439750312e-08
chaotic	-7.846808623687135e-08
indian	-7.642430617470516e-08
informal	-5.784414763712262e-08
civil	-5.3062736946070374e-08
exasperated	-4.916443283440928e-08
timid	-4.068020756127461e-08
timorous	-3.3513524281157405e-08
upside	-3.314028208223895e-08
unjustly	-3.278701433229296e-08
worried	-3.233648531103036e-08
cantankerous	-3.1044106702545806e-08
imperceptibly	-3.033855882294249e-08
frightening	-2.7424854449620152e-08
eternal	-2.238218827563697e-08
reluctant	-2.1470109546228262e-08
east	-2.071028446467799e-08
metaphoric	-1.956099658918613e-08
blatantly	-1.500761352850298e-08
deadly	-1.3755296245455e-08
uninitiated	-1.3619242706034644e-08
idle	-1.3392000143940908e-08
foreseeable	-1.2819052537578444e-08
ethnic	-1.2523541384247902e-08
dizzy	-1.0321911133560196e-08
temperamental	-9.278322153950886e-09
repetitively	-8.579634910138927e-09
physically	-6.79037001213349e-09
silent	-4.075027937890372e-09
impending	-3.4876680546892385e-09
copiously	-3.269533308735217e-09
riotous	-3.017316471544269e-09
incapable	-2.670536213007822e-09
trivial	-2.3773938230079007e-09
mid	-2.2091607910511276e-09
scheming	-2.1648824693314665e-09
mealy	-2.0331898286481395e-09
partly	-1.7554213020407291e-09
incorrigible	-1.7244827834659792e-09
perpetual	-1.480912569187198e-09
averse	-1.440117132176283e-09
losing	-1.283462989179042e-09
prosaic	-1.2106674310807181e-09
unpleasantly	-1.173800313446349e-09
sidekick	-1.1595822381887725e-09
ultra	-8.231391928705326e-10
numb	-8.146169034888006e-10
unreasonable	-7.538900413902303e-10
unbearable	-6.735609372607649e-10
alight	-6.304053469232539e-10
mysterious	-5.260387298375801e-10
ethereal	-4.975655603911783e-10
petty	-4.933899746163984e-10
invariably	-4.696417205401482e-10
rash	-3.9628129378055026e-10
indelible	-3.798428402795326e-10
urban	-3.537360321193775e-10
respective	-3.457067148707662e-10
stop	-3.158668463893885e-10
immeasurable	-2.539877907109374e-10
superhero	-2.4616525834753164e-10
awash	-2.353132568915495e-10
entrenched	-2.0660707887000735e-10
naive	-2.0220550114581302e-10
obdurate	-1.9702886403816902e-10
amok	-1.9093065938100423e-10
wasteful	-1.9076698683805355e-10
rude	-1.7829176932529916e-10
anti	-1.7445537479604586e-10
enigmatic	-1.5925685785308394e-10
vile	-1.3306297665765193e-10
ambiguous	-1.1849042436774975e-10
executive	-1.165034361405875e-10
uneasy	-1.0738252591133092e-10
lonely	-8.135210984292026e-11
dirty	-6.958840224231498e-11
brute	-5.91050700326861e-11
volatile	-5.456185754815212e-11
unashamedly	-4.8796424791441524e-11
ontologically	-4.585045516152494e-11
fat	-4.4542123964841587e-11
undisciplined	-4.102336684961454e-11
hasty	-3.8093126360356364e-11
senseless	-3.6145006337163624e-11
routinely	-3.549262492667155e-11
busy	-3.512336845254519e-11
melancholy	-3.3267031310391296e-11
antagonistic	-3.2958993101497616e-11
despondent	-3.28381440063615e-11
downhill	-3.001470109876111e-11
superstitious	-2.8085996249284186e-11
regarded	-2.413317303372967e-11
scandalous	-1.7663910717027664e-11
integrated	-1.7243389198301083e-11
ancestral	-1.5293263700466455e-11
frantically	-1.307444622475504e-11
deluded	-1.1906784261107535e-11
frontal	-9.690279917450266e-12
uphill	-7.813974638021818e-12
miserably	-7.307122040206317e-12
seasonal	-6.906995438965714e-12
war	-6.820222640829257e-12
unfit	-6.138535406239308e-12
combined	-5.85672346804878e-12
drier	-4.6171992114988975e-12
unpleasant	-3.760958085207407e-12
inanimate	-3.3370070446705303e-12
shallow	-2.795546166867323e-12
utter	-1.7210767298931602e-12
cowardly	-1.687108160481983e-12
mercurial	-1.4910614675630368e-12
frivolous	-1.111094357114539e-12
insane	-8.191442333128744e-13
pronounceable	-7.954413882899554e-13
sycophantic	-5.956906432990177e-13
machiavellian	-5.760724427167796e-13
unadorned	-5.646067955096478e-13
vulnerable	-5.28835442480394e-13
aesthetic	-4.1641552274091285e-13
etymological	-3.502484872146381e-13
metaphysical	-2.946588516189164e-13
simplistically	-2.76317390449883e-13
habitually	-2.529525761406966e-13
giant	-2.1615040705622627e-13
filial	-2.0502350471100767e-13
anecdotal	-1.9031574674864706e-13
nominally	-1.0754415152564722e-13
stoic	-8.514324068627415e-14
imperial	-7.357874985582165e-14
narrow	-3.9069873190109037e-14
naval	-2.8678440406839254e-14
northern	-2.800004764837632e-14
cautious	-2.4293149646747005e-14
lost	-2.131654917647613e-14
staggering	-1.65423017900817e-14
diplomatic	-1.5795547255329432e-14
grating	-1.56591407766936e-14
united	-1.4426654472952677e-14
effeminate	-1.425820448324036e-14
cynical	-9.361803868082543e-15
underwhelming	-9.222379497177989e-15
pervasive	-8.84760117204059e-15
imperative	-8.835047897261345e-15
inevitable	-5.716451866314016e-15
hateful	-2.7179003277168375e-15
infeasible	-1.8377507420172544e-15
guilty	-1.7659647748165468e-15
opportunistic	-1.7341527028985695e-15
unfair	-1.5751333362726218e-15
humblest	-1.1847014472846538e-15
worldly	-8.015303480816441e-16
prophetic	-7.269758881064921e-16
bleak	-3.031043794956299e-16
drunk	-2.26270730305167e-16
ephemeral	-1.9026125329119808e-16
rival	-1.77469066753627e-16
selfish	-1.158203726528017e-16
imperfect	-8.477632070184283e-17
futile	-6.711393641190463e-17
unlimited	-5.870247864352047e-17
supporting	-4.904674311228279e-17
daunting	-2.4709253674181565e-17
dominant	-1.7249842735523656e-17
environmental	-3.2893630274386495e-18
impious	-2.6828632495936134e-18
gusty	-1.1339111497942322e-18
motionless	-1.0005098380537343e-18
lyrically	-6.564452631984376e-19
stylistically	-5.951523763269495e-19
homesick	-5.936358372452157e-19
indescribable	-5.536154437230662e-19
moody	-4.902498206463298e-19
mexican	-4.735516213638008e-19
jarringly	-2.2005432899450784e-19
immemorial	-2.1344209878479665e-19
justly	-2.063009334323511e-19
bureaucratese	-1.320325973967047e-19
unintentional	-1.320025800996858e-19
distraught	-9.560427341402351e-20
unimaginable	-9.495938266520646e-20
periphrastic	-8.802173159780314e-20
spartan	-4.8273991173223084e-20
wondrous	-3.8054797866576087e-20
ambivalent	-3.222224103133865e-20
gloomy	-2.763312886053171e-20
latinate	-1.9646391756544278e-20
unaccountable	-1.6198730711346177e-20
barbarian	-1.459446244771861e-20
lately	-5.185007581016878e-21
european	-2.95329240920876e-21
unphilosophical	-2.370917999858884e-21
inferior	-1.906984078237054e-21
unconvincing	-1.3776955945125948e-21
unclean	-9.654673885163294e-22
unacknowledged	-6.247689323952465e-22
unaware	-5.719423054176467e-22
sordid	-4.554207422497095e-22
attracted	-1.462829376539893e-22
sorely	-1.1505068918234143e-22
infuriating	-1.0022746052024746e-22
whiney	-9.004810906115983e-23
paramount	-6.264216282515466e-23
vaguely	-4.1897719332225604e-23
tragically	-1.9947673316453088e-23
exhausted	-7.255965709208657e-25
piercing	-6.336195408041363e-25
unprepared	-4.864562926173692e-25
unsuccessful	-2.1801962694335875e-25
eccentric	-1.361802125223649e-25
simulated	-6.909953693353754e-26
fiery	-4.6839024642994795e-26
awkwardly	-3.5203707627262133e-26
campy	-2.8498239507783636e-26
ineffective	-2.77391043209184e-26
inactive	-2.0439340025939883e-26
everlasting	-1.3494214853609902e-26
oppressive	-1.3028402585966304e-26
immeasurably	-6.984862624456772e-27
unworthy	-6.728718748701555e-27
perverse	-6.19949367857896e-27
tightly	-5.534563624846148e-27
relentlessly	-3.918316567207911e-27
unstable	-3.786070260468874e-27
feckless	-3.317417325130309e-27
intractable	-3.2257528083662882e-27
cannibalistic	-3.1541438837875915e-27
grubby	-2.9518594992271664e-27
tepid	-1.941011620792364e-27
insatiable	-1.5875546886599885e-27
lame	-1.3562597699151842e-27
functionally	-9.462431651362773e-28
alleged	-6.282732085859202e-28
lackluster	-5.029101089608876e-28
vicious	-4.400174648830147e-28
moronic	-4.216942141753094e-28
servant	-2.98269289971756e-28
singularly	-2.2240758154912507e-28
commercial	-6.993638544659477e-33
dubious	-4.255074241700829e-33
outlaw	-1.823256883053575e-33
typically	-1.8180771759994457e-33
unrealistic	-1.7635669255726544e-33
marginal	-1.1851169739848236e-33
incompetent	-4.629363179628218e-34
regional	-1.7825707785346706e-34
medical	-1.065752674446784e-34
